time_pos,byte_pos,size,type,normal,has_blur,has_move,has_overexposure,has_block
0.0,0,0.7267259239457328,I,1,0,0,0,0
0.04,118379,0.0028069237452382,B,1,0,0,0,0
0.08,108740,0.0644188999532179,P,1,0,0,0,0
0.12,130186,0.0075252288979482,B,1,0,0,0,0
0.16,128901,0.0085878500300741,B,1,0,0,0,0
0.2,131312,0.0046915725456125,B,1,0,0,0,0
0.24,118799,0.0675131992247543,P,1,0,0,0,0
0.28,138267,0.0035153378333221,B,1,0,0,0,0
0.32,137225,0.0069638441489006,B,1,0,0,0,0
0.36,138793,0.0043373655015705,B,1,0,0,0,0
0.4,132014,0.0348259038962774,P,1,0,0,0,0
0.44,144956,0.0046247410278687,B,1,0,0,0,0
0.48,139442,0.0368508988839136,P,1,0,0,0,0
0.52,148847,0.0023324199692575,B,1,0,0,0,0
0.56,145648,0.0213794025262313,P,1,0,0,0,0
0.6,149196,0.0232774176301543,P,1,0,0,0,0
0.64,152679,0.0190002004945532,P,1,0,0,0,0
0.68,155522,0.0168214930161063,P,1,0,0,0,0
0.72,164489,0.003956425850431,B,1,0,0,0,0
0.76,163611,0.0058678072579028,B,1,0,0,0,0
0.8,165081,0.003034150905567,B,1,0,0,0,0
0.84,158039,0.0372385216868275,P,1,0,0,0,0
0.88,172199,0.0039965247610773,B,1,0,0,0,0
0.92,171246,0.006369043640981,B,1,0,0,0,0
0.96,172797,0.0038628617255897,B,1,0,0,0,0
1.0,165535,0.0381674797834658,P,1,0,0,0,0
1.04,178642,0.0025930628884581,B,1,0,0,0,0
1.08,177809,0.0055670654280558,B,1,0,0,0,0
1.12,179030,0.0037626144489741,B,1,0,0,0,0
1.16,173375,0.0296330949675867,P,1,0,0,0,0
1.2,259992,0.0139009556907037,B,1,0,0,0,0
1.24,258316,0.0112009623738555,B,1,0,0,0,0
1.28,262072,0.0022121232373187,B,1,0,0,0,0
1.32,179593,0.5261177571342646,P,1,0,0,0,0
1.36,270355,0.0063022121232373,B,1,0,0,0,0
1.4,271298,0.003602218806389,B,1,0,0,0,0
1.44,262403,0.0531444229098442,P,1,0,0,0,0
1.48,278068,0.0032413286105727,B,1,0,0,0,0
1.52,277158,0.0060816681146828,B,1,0,0,0,0
1.56,278553,0.0037024660830047,B,1,0,0,0,0
1.6,271837,0.0355610505914589,P,1,0,0,0,0
1.64,279107,0.0191004477711688,P,1,0,0,0,0
1.68,287605,0.004063356278821,B,1,0,0,0,0
1.72,288213,0.0030942992715364,B,1,0,0,0,0
1.76,281965,0.0376929760074851,P,1,0,0,0,0
1.8,288676,0.0232440018712824,P,1,0,0,0,0
1.84,292154,0.0180177771837198,P,1,0,0,0,0
1.88,299091,0.0038428122702666,B,1,0,0,0,0
1.92,294850,0.0283432466751319,P,1,0,0,0,0
1.96,303925,0.0043373655015705,B,1,0,0,0,0
2.0,304574,0.0028136068970126,B,1,0,0,0,0
2.04,299666,0.0284635434070707,P,1,0,0,0,0
2.08,311583,0.0038962774844616,B,1,0,0,0,0
2.12,310692,0.0059546882309697,B,1,0,0,0,0
2.16,312166,0.003849495422041,B,1,0,0,0,0
2.2,304995,0.0380739156586246,P,1,0,0,0,0
2.24,317681,0.0027334090757201,B,1,0,0,0,0
2.28,316938,0.0049655817683619,B,1,0,0,0,0
2.32,318090,0.0034485063155784,B,1,0,0,0,0
2.36,312742,0.028042504845285,P,1,0,0,0,0
2.4,398215,0.0115885851767693,B,1,0,0,0,0
2.44,396755,0.0097574015905901,B,1,0,0,0,0
2.48,399949,0.002466083004745,B,1,0,0,0,0
2.52,318606,0.5222816280157723,P,1,0,0,0,0
2.56,409764,0.004985631223685,B,1,0,0,0,0
2.6,408668,0.0073247343447169,B,1,0,0,0,0
2.64,410510,0.0040767225823698,B,1,0,0,0,0
2.68,400318,0.0558043173160462,P,1,0,0,0,0
2.72,417502,0.0031076655750852,B,1,0,0,0,0
2.76,416669,0.0055670654280558,B,1,0,0,0,0
2.8,417967,0.0035754861992915,B,1,0,0,0,0
2.84,411120,0.0370848091960168,P,1,0,0,0,0
2.88,424280,0.0047383546080331,B,1,0,0,0,0
2.92,424989,0.0032145960034752,B,1,0,0,0,0
2.96,418502,0.0386152509523491,P,1,0,0,0,0
3.0,430838,0.0046715230902893,B,1,0,0,0,0
3.04,425470,0.0358751587248546,P,1,0,0,0,0
3.08,437561,0.0040900888859185,B,1,0,0,0,0
3.12,436772,0.0052730067499832,B,1,0,0,0,0
3.16,438173,0.0032012296999264,B,1,0,0,0,0
3.2,431537,0.0349862995388625,P,1,0,0,0,0
3.24,442902,0.0040566731270467,B,1,0,0,0,0
3.28,438652,0.0284033950411013,P,1,0,0,0,0
3.32,447222,0.0037492481454253,B,1,0,0,0,0
3.36,443509,0.024814542538261,P,1,0,0,0,0
3.4,452870,0.0024393503976475,B,1,0,0,0,0
3.44,451998,0.0058277083472565,B,1,0,0,0,0
3.48,453235,0.0039363763951079,B,1,0,0,0,0
3.52,447783,0.0281694847289981,P,1,0,0,0,0
3.56,531868,0.0042438013767292,B,1,0,0,0,0
3.6,529846,0.0135133328877898,B,1,0,0,0,0
3.64,532503,0.0035019715297734,B,1,0,0,0,0
3.68,453824,0.5080665641916728,P,1,0,0,0,0
3.72,533027,0.0621934104123504,P,1,0,0,0,0
3.76,549487,0.0069170620864799,B,1,0,0,0,0
3.8,550522,0.0044843948406068,B,1,0,0,0,0
3.84,542333,0.0478112677938915,P,1,0,0,0,0
3.88,558523,0.0030207846020183,B,1,0,0,0,0
3.92,557341,0.0078994853973133,B,1,0,0,0,0
3.96,558975,0.0048853839470694,B,1,0,0,0,0
4.0,551193,0.0410880171088685,P,1,0,0,0,0
4.04,568590,0.0057274610706409,B,1,0,0,0,0
4.08,567394,0.0079930495221546,B,1,0,0,0,0
4.12,569447,0.0033415758871883,B,1,0,0,0,0
4.16,559706,0.0513800708414088,P,1,0,0,0,0
4.2,576385,0.0064358751587248,B,1,0,0,0,0
4.24,569947,0.0430261311234378,P,1,0,0,0,0
4.28,582616,0.0055670654280558,B,1,0,0,0,0
4.32,577348,0.0352068435474169,P,1,0,0,0,0
4.36,588543,0.0064358751587248,B,1,0,0,0,0
4.4,589506,0.0026866270132994,B,1,0,0,0,0
4.44,583449,0.0340439751386754,P,1,0,0,0,0
4.48,598908,0.0049588986165875,B,1,0,0,0,0
4.52,597632,0.0085277016641047,B,1,0,0,0,0
4.56,599650,0.0049588986165875,B,1,0,0,0,0
4.6,589908,0.0516206643052863,P,1,0,0,0,0
4.64,607761,0.0029873688431464,B,1,0,0,0,0
4.68,606564,0.007999732673929,B,1,0,0,0,0
4.72,608208,0.0047450377598075,B,1,0,0,0,0
4.76,600392,0.0412484127514535,P,1,0,0,0,0
4.8,689976,0.014509122502172,B,1,0,0,0,0
4.84,687978,0.0133529372452048,B,1,0,0,0,0
4.88,692147,0.0023725188799037,B,1,0,0,0,0
4.92,608918,0.5283699792822295,P,1,0,0,0,0
4.96,700632,0.0066296865601817,B,1,0,0,0,0
5.0,701624,0.0045913252689968,B,1,0,0,0,0
5.04,692502,0.0543340239256833,P,1,0,0,0,0
5.08,709172,0.0032012296999264,B,1,0,0,0,0
5.12,708131,0.0069571609971262,B,1,0,0,0,0
5.16,709651,0.0042972665909242,B,1,0,0,0,0
5.2,702311,0.0388959433268729,P,1,0,0,0,0
5.24,716146,0.0050992448038494,B,1,0,0,0,0
5.28,710294,0.039109804183653,P,1,0,0,0,0
5.32,722374,0.0059480050791953,B,1,0,0,0,0
5.36,723264,0.0031611307892802,B,1,0,0,0,0
5.4,716909,0.0365234244469691,P,1,0,0,0,0
5.44,728689,0.0048987502506181,B,1,0,0,0,0
5.48,723737,0.0330949675867138,P,1,0,0,0,0
5.52,729422,0.018358617924213,P,1,0,0,0,0
5.56,734768,0.0022990042103856,B,1,0,0,0,0
5.6,732169,0.0173695114616052,P,1,0,0,0,0
5.64,743985,0.0050257301343313,B,1,0,0,0,0
5.68,742570,0.0094566597607431,B,1,0,0,0,0
5.72,744737,0.0046715230902893,B,1,0,0,0,0
5.76,735112,0.0498429459333021,P,1,0,0,0,0
5.8,748301,0.0024593998529706,B,1,0,0,0,0
5.84,745436,0.0191472298335895,P,1,0,0,0,0
5.88,752960,0.00471830515271,B,1,0,0,0,0
5.92,748669,0.0286774042638508,P,1,0,0,0,0
5.96,833448,0.0044910779923812,B,1,0,0,0,0
6.0,831385,0.0137873421105393,B,1,0,0,0,0
6.04,834120,0.0032480117623471,B,1,0,0,0,0
6.08,753666,0.5194078727527902,P,1,0,0,0,0
6.12,834606,0.0573147096170554,P,1,0,0,0,0
6.16,853985,0.0062420637572679,B,1,0,0,0,0
6.2,852394,0.0106328944730334,B,1,0,0,0,0
6.24,854919,0.0052462741428857,B,1,0,0,0,0
6.28,843182,0.061565194145559,P,1,0,0,0,0
6.32,863582,0.0031945465481521,B,1,0,0,0,0
6.36,862338,0.0083138408073247,B,1,0,0,0,0
6.4,864060,0.0046581567867406,B,1,0,0,0,0
6.44,855704,0.0443360288712156,P,1,0,0,0,0
6.48,864757,0.0334023925683352,P,1,0,0,0,0
6.52,873254,0.0027200427721713,B,1,0,0,0,0
6.56,869755,0.0233843480585444,P,1,0,0,0,0
6.6,880565,0.0073314174964913,B,1,0,0,0,0
6.64,881662,0.0050123638307825,B,1,0,0,0,0
6.68,873661,0.0461404798502974,P,1,0,0,0,0
6.72,882412,0.0216333622936576,P,1,0,0,0,0
6.76,890708,0.0064024593998529,B,1,0,0,0,0
6.8,891666,0.0027735079863663,B,1,0,0,0,0
6.84,885649,0.0338100648265722,P,1,0,0,0,0
6.88,892081,0.0206776715899218,P,1,0,0,0,0
6.92,895175,0.0186259439951881,P,1,0,0,0,0
6.96,904984,0.0052262246875626,B,1,0,0,0,0
7.0,903574,0.0094232440018712,B,1,0,0,0,0
7.04,905766,0.0027668248345919,B,1,0,0,0,0
7.08,897962,0.0375058477578025,P,1,0,0,0,0
7.12,986027,0.0033215264318652,B,1,0,0,0,0
7.16,984616,0.0094299271536456,B,1,0,0,0,0
7.2,986524,0.0129118492280959,B,1,0,0,0,0
7.24,906180,0.5241996925750184,P,1,0,0,0,0
7.28,996341,0.0039697921539798,B,1,0,0,0,0
7.32,988456,0.052696651740961,P,1,0,0,0,0
7.36,1004184,0.0065561718906636,B,1,0,0,0,0
7.4,1005165,0.0043306823497961,B,1,0,0,0,0
7.44,996935,0.0484461672124574,P,1,0,0,0,0
7.48,1012726,0.0028938047183051,B,1,0,0,0,0
7.52,1011728,0.006669785470828,B,1,0,0,0,0
7.56,1013159,0.0040299405199492,B,1,0,0,0,0
7.6,1005813,0.0395308427454387,P,1,0,0,0,0
7.64,1019939,0.0049187997059413,B,1,0,0,0,0
7.68,1013762,0.0412818285103254,P,1,0,0,0,0
7.72,1024269,0.0026598944062019,B,1,0,0,0,0
7.76,1020675,0.0240192474771102,P,1,0,0,0,0
7.8,1030529,0.0048118692775512,B,1,0,0,0,0
7.84,1024667,0.0391766357013967,P,1,0,0,0,0
7.88,1038080,0.0040165742164004,B,1,0,0,0,0
7.92,1037251,0.0055403328209583,B,1,0,0,0,0
7.96,1038681,0.0030542003608901,B,1,0,0,0,0
8.0,1031249,0.0401122769498095,P,1,0,0,0,0
8.04,1039138,0.0223885584441622,P,1,0,0,0,0
8.08,1050531,0.0036356345652609,B,1,0,0,0,0
8.12,1049459,0.0071643387021319,B,1,0,0,0,0
8.16,1051075,0.0039898416093029,B,1,0,0,0,0
8.2,1042488,0.0465882510191806,P,1,0,0,0,0
8.24,1055843,0.0027200427721713,B,1,0,0,0,0
8.28,1056250,0.0044977611441555,B,1,0,0,0,0
8.32,1051672,0.0278754260509256,P,1,0,0,0,0
8.36,1136569,0.0039363763951079,B,1,0,0,0,0
8.4,1134714,0.0123972465414689,B,1,0,0,0,0
8.44,1137158,0.0035754861992915,B,1,0,0,0,0
8.48,1056923,0.5198890596805453,P,1,0,0,0,0
8.52,1151040,0.0070373588184187,B,1,0,0,0,0
8.56,1149616,0.0095168081267125,B,1,0,0,0,0
8.6,1152093,0.0043306823497961,B,1,0,0,0,0
8.64,1137693,0.0796832186058945,P,1,0,0,0,0
8.68,1160046,0.0030074182984695,B,1,0,0,0,0
8.72,1158893,0.0077056739958564,B,1,0,0,0,0
8.76,1160496,0.0044041970193143,B,1,0,0,0,0
8.8,1152741,0.041114749715966,P,1,0,0,0,0
8.84,1161155,0.0215598476241395,P,1,0,0,0,0
8.88,1170428,0.0052195415357882,B,1,0,0,0,0
8.92,1171209,0.0031678139410546,B,1,0,0,0,0
8.96,1164381,0.0404130187796564,P,1,0,0,0,0
9.0,1171683,0.0283699792822295,P,1,0,0,0,0
9.04,1181894,0.0060616186593597,B,1,0,0,0,0
9.08,1182801,0.00471830515271,B,1,0,0,0,0
9.12,1175928,0.0398716834859319,P,1,0,0,0,0
9.16,1188529,0.0066965180779255,B,1,0,0,0,0
9.2,1189531,0.0026331617991044,B,1,0,0,0,0
9.24,1183507,0.0335627882109202,P,1,0,0,0,0
9.28,1198802,0.0054801844549889,B,1,0,0,0,0
9.32,1197294,0.0100781928757602,B,1,0,0,0,0
9.36,1199622,0.0056138474904765,B,1,0,0,0,0
9.4,1189925,0.0492481454253826,P,1,0,0,0,0
9.44,1207866,0.0030675666644389,B,1,0,0,0,0
9.48,1206519,0.0090022054400855,B,1,0,0,0,0
9.52,1208325,0.0055202833656352,B,1,0,0,0,0
9.56,1200462,0.0404798502974002,P,1,0,0,0,0
9.6,1289614,0.0152041702867072,B,1,0,0,0,0
9.64,1287204,0.016106395776248,B,1,0,0,0,0
9.68,1291889,0.0025997460402325,B,1,0,0,0,0
9.72,1209151,0.5216400454454321,P,1,0,0,0,0
9.76,1301166,0.0089086413152442,B,1,0,0,0,0
9.8,1302499,0.0049789480719107,B,1,0,0,0,0
9.84,1292278,0.0593998529706609,P,1,0,0,0,0
9.88,1305730,0.008674731003141,B,1,0,0,0,0
9.92,1307028,0.0024593998529706,B,1,0,0,0,0
9.96,1303244,0.0166143153111007,P,1,0,0,0,0
10.0,1307396,0.9921873955757536,I,1,0,0,0,0
10.04,1461902,0.0066898349261511,B,1,0,0,0,0
10.08,1455857,0.0403996524761077,P,1,0,0,0,0
10.12,1468960,0.008621265788946,B,1,0,0,0,0
10.16,1470250,0.0030141014502439,B,1,0,0,0,0
10.2,1462903,0.0404798502974002,P,1,0,0,0,0
10.24,1480705,0.0064291920069504,B,1,0,0,0,0
10.28,1479082,0.0108467553298135,B,1,0,0,0,0
10.32,1481667,0.0056338969457996,B,1,0,0,0,0
10.36,1470701,0.0560114950210519,P,1,0,0,0,0
10.4,1487966,0.0029205373254026,B,1,0,0,0,0
10.44,1488403,0.0065561718906636,B,1,0,0,0,0
10.48,1482510,0.0364632760809998,P,1,0,0,0,0
10.52,1494349,0.0060683018111341,B,1,0,0,0,0
10.56,1489384,0.0331818485597807,P,1,0,0,0,0
10.6,1498009,0.002359152576355,B,1,0,0,0,0
10.64,1495257,0.0183920336830849,P,1,0,0,0,0
10.68,1498362,0.0213125710084876,P,1,0,0,0,0
10.72,1583700,0.0037158323865534,B,1,0,0,0,0
10.76,1582173,0.0102051727594733,B,1,0,0,0,0
10.8,1584256,0.0135400654948873,B,1,0,0,0,0
10.84,1501551,0.5388090623538061,P,1,0,0,0,0
10.88,1593968,0.0039230100915591,B,1,0,0,0,0
10.92,1586282,0.05136670453786,P,1,0,0,0,0
10.96,1601809,0.0072311702198756,B,1,0,0,0,0
11.0,1602891,0.003956425850431,B,1,0,0,0,0
11.04,1594555,0.0484795829713292,P,1,0,0,0,0
11.08,1610778,0.0031277150304083,B,1,0,0,0,0
11.12,1609722,0.0070574082737418,B,1,0,0,0,0
11.16,1611246,0.0046915725456125,B,1,0,0,0,0
11.2,1603483,0.0416961839203368,P,1,0,0,0,0
11.24,1618052,0.0055336496691839,B,1,0,0,0,0
11.28,1611948,0.0407939584307959,P,1,0,0,0,0
11.32,1625026,0.0072178039163269,B,1,0,0,0,0
11.36,1626106,0.0030742498162133,B,1,0,0,0,0
11.4,1618880,0.0410746508053197,P,1,0,0,0,0
11.44,1631874,0.0050858785003007,B,1,0,0,0,0
11.48,1626566,0.035474169618392,P,1,0,0,0,0
11.52,1637032,0.0048051861257769,B,1,0,0,0,0
11.56,1637751,0.0029339036289514,B,1,0,0,0,0
11.6,1632635,0.0293858183519347,P,1,0,0,0,0
11.64,1647110,0.0055737485798302,B,1,0,0,0,0
11.68,1645614,0.0099979950544676,B,1,0,0,0,0
11.72,1647944,0.0051527100180445,B,1,0,0,0,0
11.76,1638190,0.0496157187729733,P,1,0,0,0,0
11.8,1656996,0.0029405867807257,B,1,0,0,0,0
11.84,1655403,0.0106462607765822,B,1,0,0,0,0
11.88,1657436,0.0080197821292521,B,1,0,0,0,0
11.92,1648715,0.044696919067032,P,1,0,0,0,0
11.96,1738488,0.0077658223618258,B,1,0,0,0,0
12.0,1735784,0.0180712423979148,B,1,0,0,0,0
12.04,1739650,0.0035688030475172,B,1,0,0,0,0
12.08,1658636,0.5155917930896211,P,1,0,0,0,0
12.12,1740184,0.066744636770701,P,1,0,0,0,0
12.16,1762235,0.0083472565661966,B,1,0,0,0,0
12.2,1760159,0.0138742230836062,B,1,0,0,0,0
12.24,1763484,0.0068836463276081,B,1,0,0,0,0
12.28,1750171,0.0667513199224754,P,1,0,0,0,0
12.32,1773040,0.0030942992715364,B,1,0,0,0,0
12.36,1771564,0.0098643320189801,B,1,0,0,0,0
12.4,1773503,0.0061885985430729,B,1,0,0,0,0
12.44,1764514,0.0471162200093564,P,1,0,0,0,0
12.48,1774429,0.0381474303281427,P,1,0,0,0,0
12.52,1784538,0.0027868742899151,B,1,0,0,0,0
12.56,1780137,0.0294125509590322,P,1,0,0,0,0
12.6,1784955,0.0343447169685223,P,1,0,0,0,0
12.64,1796208,0.0070306756666443,B,1,0,0,0,0
12.68,1790094,0.0408607899485397,P,1,0,0,0,0
12.72,1797260,0.0256967185724787,P,1,0,0,0,0
12.76,1810226,0.002980685691372,B,1,0,0,0,0
12.8,1808712,0.0101182917864064,B,1,0,0,0,0
12.84,1810672,0.0060683018111341,B,1,0,0,0,0
12.88,1801105,0.0508387355476842,P,1,0,0,0,0
12.92,1818431,0.0051928089286907,B,1,0,0,0,0
12.96,1817396,0.0069170620864799,B,1,0,0,0,0
13.0,1819208,0.0031009824233108,B,1,0,0,0,0
13.04,1811580,0.0388692107197754,P,1,0,0,0,0
13.08,1899561,0.0044041970193143,B,1,0,0,0,0
13.12,1897438,0.0141883312170019,B,1,0,0,0,0
13.16,1900220,0.0047650872151306,B,1,0,0,0,0
13.2,1819672,0.5197219808861859,P,1,0,0,0,0
13.24,1911617,0.0038695448773641,B,1,0,0,0,0
13.28,1900933,0.0714027935574417,P,1,0,0,0,0
13.32,1912196,0.0467419635099913,P,1,0,0,0,0
13.36,1928060,0.0054334023925683,B,1,0,0,0,0
13.4,1926879,0.0078928022455389,B,1,0,0,0,0
13.44,1928873,0.0049054334023925,B,1,0,0,0,0
13.48,1919190,0.0513867539931831,P,1,0,0,0,0
13.52,1936756,0.0032413286105727,B,1,0,0,0,0
13.56,1935538,0.0081400788611909,B,1,0,0,0,0
13.6,1937241,0.0053064225088551,B,1,0,0,0,0
13.64,1929607,0.0396377731738287,P,1,0,0,0,0
13.68,1938035,0.0313506649736015,P,1,0,0,0,0
13.72,1946686,0.0028804384147563,B,1,0,0,0,0
13.76,1942726,0.0264652810265321,P,1,0,0,0,0
13.8,1947117,0.0317917529907104,P,1,0,0,0,0
13.84,1951874,0.026144489741362,P,1,0,0,0,0
13.88,1955786,0.0258504310632894,P,1,0,0,0,0
13.92,1970148,0.0071643387021319,B,1,0,0,0,0
13.96,1968152,0.013339570941656,B,1,0,0,0,0
14.0,1971220,0.0029940519949208,B,1,0,0,0,0
14.04,1959654,0.056793423778654,P,1,0,0,0,0
14.08,1978948,0.0081200294058678,B,1,0,0,0,0
14.12,1980163,0.0053331551159526,B,1,0,0,0,0
14.16,1971668,0.048653344917463,P,1,0,0,0,0
14.2,1986043,0.0076321593263383,B,1,0,0,0,0
14.24,1987185,0.0025930628884581,B,1,0,0,0,0
14.28,1980961,0.0339637773173828,P,1,0,0,0,0
14.32,2068244,0.0044576622335093,B,1,0,0,0,0
14.36,2066633,0.010766557508521,B,1,0,0,0,0
14.4,2068911,0.0145224888057207,B,1,0,0,0,0
14.44,1987573,0.5283699792822295,P,1,0,0,0,0
14.48,2085013,0.0041970193143086,B,1,0,0,0,0
14.52,2083419,0.0106529439283566,B,1,0,0,0,0
14.56,2085641,0.0065294392835661,B,1,0,0,0,0
14.6,2071084,0.0824366771369377,P,1,0,0,0,0
14.64,2096726,0.0061819153912985,B,1,0,0,0,0
14.68,2095004,0.0115083873554768,B,1,0,0,0,0
14.72,2097651,0.0033950411013834,B,1,0,0,0,0
14.76,2086618,0.0560449107799238,P,1,0,0,0,0
14.8,2106241,0.0074984962908507,B,1,0,0,0,0
14.84,2107363,0.0059613713827441,B,1,0,0,0,0
14.88,2098159,0.0540132326405132,P,1,0,0,0,0
14.92,2112430,0.0031210318786339,B,1,0,0,0,0
14.96,2108255,0.0279021586580231,P,1,0,0,0,0
15.0,2112897,0.0299472031009824,P,1,0,0,0,0
15.04,2117378,0.0249883044843948,P,1,0,0,0,0
15.08,2129080,0.0052462741428857,B,1,0,0,0,0
15.12,2128088,0.0066296865601817,B,1,0,0,0,0
15.16,2129865,0.0031477644857314,B,1,0,0,0,0
15.2,2121117,0.0465882510191806,P,1,0,0,0,0
15.24,2135530,0.0050658290449776,B,1,0,0,0,0
15.28,2130336,0.034712290316113,P,1,0,0,0,0
15.32,2142245,0.0044777116888324,B,1,0,0,0,0
15.36,2141324,0.006155182784201,B,1,0,0,0,0
15.4,2142915,0.0029339036289514,B,1,0,0,0,0
15.44,2136288,0.0336563523357615,P,1,0,0,0,0
15.48,2222672,0.0038361291184922,B,1,0,0,0,0
15.52,2220785,0.012611107398249,B,1,0,0,0,0
15.56,2223246,0.0041435541001136,B,1,0,0,0,0
15.6,2143354,0.5174831250417697,P,1,0,0,0,0
15.64,2234729,0.0037559312971997,B,1,0,0,0,0
15.68,2223866,0.0725990777250551,P,1,0,0,0,0
15.72,2235291,0.0424112811601951,P,1,0,0,0,0
15.76,2248176,0.0060014702933903,B,1,0,0,0,0
15.8,2249074,0.0040499899752723,B,1,0,0,0,0
15.84,2241637,0.0437011294526498,P,1,0,0,0,0
15.88,2256269,0.0029740025395976,B,1,0,0,0,0
15.92,2255250,0.0068101316580899,B,1,0,0,0,0
15.96,2256714,0.0046447904831918,B,1,0,0,0,0
16.0,2249680,0.0372251553832787,P,1,0,0,0,0
16.04,2265883,0.0055069170620864,B,1,0,0,0,0
16.08,2264784,0.00734478380004,B,1,0,0,0,0
16.12,2266707,0.0034485063155784,B,1,0,0,0,0
16.16,2257409,0.0492882443360288,P,1,0,0,0,0
16.2,2267223,0.0289848292454721,P,1,0,0,0,0
16.24,2271560,0.0242732072445365,P,1,0,0,0,0
16.28,2283058,0.0053532045712758,B,1,0,0,0,0
16.32,2281818,0.0082871082002272,B,1,0,0,0,0
16.36,2283859,0.0030207846020183,B,1,0,0,0,0
16.4,2275192,0.0442825636570206,P,1,0,0,0,0
16.44,2290905,0.0080197821292521,B,1,0,0,0,0
16.48,2284311,0.0440687028002405,P,1,0,0,0,0
16.52,2299954,0.0066029539530842,B,1,0,0,0,0
16.56,2298654,0.0086880973066898,B,1,0,0,0,0
16.6,2300942,0.003087616119762,B,1,0,0,0,0
16.64,2292105,0.0437679609703936,P,1,0,0,0,0
16.68,2306829,0.0068702800240593,B,1,0,0,0,0
16.72,2301404,0.0362560983759941,P,1,0,0,0,0
16.76,2387699,0.0061685490877497,B,1,0,0,0,0
16.8,2385383,0.0154781795094566,B,1,0,0,0,0
16.84,2388622,0.0036957829312303,B,1,0,0,0,0
16.88,2307857,0.5181180244603355,P,1,0,0,0,0
16.92,2389175,0.0595736149167947,P,1,0,0,0,0
16.96,2406323,0.008267058744904,B,1,0,0,0,0
17.0,2407560,0.0054200360890195,B,1,0,0,0,0
17.04,2398089,0.0550290717102185,P,1,0,0,0,0
17.08,2416311,0.0029940519949208,B,1,0,0,0,0
17.12,2415000,0.0087616119762079,B,1,0,0,0,0
17.16,2416759,0.0055002339103121,B,1,0,0,0,0
17.2,2408371,0.0443026131123437,P,1,0,0,0,0
17.24,2424129,0.0062153311501704,B,1,0,0,0,0
17.28,2417582,0.0437545946668448,P,1,0,0,0,0
17.32,2428909,0.0020249949876361,B,1,0,0,0,0
17.36,2425059,0.0257301343313506,P,1,0,0,0,0
17.4,2435036,0.0055403328209583,B,1,0,0,0,0
17.44,2429212,0.0389226759339704,P,1,0,0,0,0
17.48,2442973,0.0051527100180445,B,1,0,0,0,0
17.52,2441977,0.0066564191672792,B,1,0,0,0,0
17.56,2443744,0.003034150905567,B,1,0,0,0,0
17.6,2435865,0.0408474236449909,P,1,0,0,0,0
17.64,2449185,0.0047650872151306,B,1,0,0,0,0
17.68,2444198,0.033328877898817,P,1,0,0,0,0
17.72,2455534,0.0046180578760943,B,1,0,0,0,0
17.76,2454652,0.0058945398650003,B,1,0,0,0,0
17.8,2456225,0.002820290048787,B,1,0,0,0,0
17.84,2449898,0.0317717035353872,P,1,0,0,0,0
17.88,2460581,0.0050190469825569,B,1,0,0,0,0
17.92,2456647,0.0262915190803983,P,1,0,0,0,0
17.96,2540043,0.0045645926618993,B,1,0,0,0,0
18.0,2537959,0.0139276882978012,B,1,0,0,0,0
18.04,2540726,0.0035888525028403,B,1,0,0,0,0
18.08,2461332,0.5121098710151708,P,1,0,0,0,0
18.12,2541263,0.056546147163002,P,1,0,0,0,0
18.16,2549724,0.0355877831985564,P,1,0,0,0,0
18.2,2561355,0.004664839938515,B,1,0,0,0,0
18.24,2560284,0.0071576555503575,B,1,0,0,0,0
18.28,2562053,0.0028069237452382,B,1,0,0,0,0
18.32,2555049,0.0349862995388625,P,1,0,0,0,0
18.36,2566710,0.0051861257769163,B,1,0,0,0,0
18.4,2562473,0.0283165140680344,P,1,0,0,0,0
18.44,2567486,0.0206041569204036,P,1,0,0,0,0
18.48,2570569,0.029780124306623,P,1,0,0,0,0
18.52,2581774,0.0085611174229766,B,1,0,0,0,0
18.56,2583055,0.003034150905567,B,1,0,0,0,0
18.6,2575025,0.045104591325269,P,1,0,0,0,0
18.64,2591762,0.0083739891732941,B,1,0,0,0,0
18.68,2593015,0.0066564191672792,B,1,0,0,0,0
18.72,2583509,0.0551560515939317,P,1,0,0,0,0
18.76,2601036,0.0098309162601082,B,1,0,0,0,0
18.8,2602507,0.0027200427721713,B,1,0,0,0,0
18.84,2594011,0.0469491412149969,P,1,0,0,0,0
18.88,2610323,0.0093497293323531,B,1,0,0,0,0
18.92,2611722,0.0069905767559981,B,1,0,0,0,0
18.96,2602914,0.0495154714963576,P,1,0,0,0,0
19.0,2615809,0.0023925683352268,B,1,0,0,0,0
19.04,2612768,0.0203234645458798,P,1,0,0,0,0
19.08,2616167,0.0257234511795762,P,1,0,0,0,0
19.12,2701805,0.0048920670988438,B,1,0,0,0,0
19.16,2699993,0.0121098710151707,B,1,0,0,0,0
19.2,2702537,0.0149903094299271,B,1,0,0,0,0
19.24,2620016,0.534498429459333,P,1,0,0,0,0
19.28,2713164,0.0041836530107598,B,1,0,0,0,0
19.32,2704780,0.056031544476375,P,1,0,0,0,0
19.36,2723968,0.0054801844549889,B,1,0,0,0,0
19.4,2722618,0.0090222548954086,B,1,0,0,0,0
19.44,2724788,0.0045311769030274,B,1,0,0,0,0
19.48,2713790,0.0589988638641983,P,1,0,0,0,0
19.52,2730342,0.0027467753792688,B,1,0,0,0,0
19.56,2730753,0.0050524627414288,B,1,0,0,0,0
19.6,2725466,0.0325870480518612,P,1,0,0,0,0
19.64,2737679,0.005179442625142,B,1,0,0,0,0
19.68,2731509,0.0412350464479048,P,1,0,0,0,0
19.72,2744673,0.0060616186593597,B,1,0,0,0,0
19.76,2745580,0.003441823163804,B,1,0,0,0,0
19.8,2738454,0.0415625208848493,P,1,0,0,0,0
19.84,2751445,0.0045913252689968,B,1,0,0,0,0
19.88,2746095,0.0357548619929158,P,1,0,0,0,0
19.92,2752132,0.0199091091358684,P,1,0,0,0,0
19.96,2755111,0.0033749916460602,P,1,0,0,0,0
20.0,2755616,1.0,I,1,0,0,0,0
20.04,2912951,0.005232907839337,B,1,0,0,0,0
20.08,2911651,0.0086880973066898,B,1,0,0,0,0
20.12,2913734,0.004203702466083,B,1,0,0,0,0
20.16,2905246,0.0428055871148833,P,1,0,0,0,0
20.2,2919831,0.0030742498162133,B,1,0,0,0,0
20.24,2918769,0.0070975071843881,B,1,0,0,0,0
20.28,2920291,0.0043039497426986,B,1,0,0,0,0
20.32,2914363,0.0294459667179041,P,1,0,0,0,0
20.36,3001873,0.003796030207846,B,1,0,0,0,0
20.4,2999960,0.0127848693443828,B,1,0,0,0,0
20.44,3002441,0.0034284568602552,B,1,0,0,0,0
20.48,2920935,0.5281360689701263,P,1,0,0,0,0
20.52,3002954,0.0542204103455189,P,1,0,0,0,0
20.56,3020827,0.0058143420437078,B,1,0,0,0,0
20.6,3019452,0.009189333689768,B,1,0,0,0,0
20.64,3021697,0.0048720176435206,B,1,0,0,0,0
20.68,3011067,0.0560382276281494,P,1,0,0,0,0
20.72,3029217,0.0029539530842745,B,1,0,0,0,0
20.76,3028146,0.0071576555503575,B,1,0,0,0,0
20.8,3029659,0.0044509790817349,B,1,0,0,0,0
20.84,3022426,0.0382276281494352,P,1,0,0,0,0
20.88,3030325,0.0305687362159994,P,1,0,0,0,0
20.92,3038161,0.0026933101650738,B,1,0,0,0,0
20.96,3034899,0.0218004410880171,P,1,0,0,0,0
21.0,3038564,0.0242798903963109,P,1,0,0,0,0
21.04,3047087,0.0053465214195014,B,1,0,0,0,0
21.08,3042197,0.0326806121767025,P,1,0,0,0,0
21.12,3056006,0.0053131056606295,B,1,0,0,0,0
21.16,3054613,0.0093096304217068,B,1,0,0,0,0
21.2,3056801,0.0029940519949208,B,1,0,0,0,0
21.24,3047887,0.0449508788344583,P,1,0,0,0,0
21.28,3063024,0.0063489941856579,B,1,0,0,0,0
21.32,3063974,0.0045111274477043,B,1,0,0,0,0
21.36,3057249,0.038595201497026,P,1,0,0,0,0
21.4,3068759,0.0056539464011227,B,1,0,0,0,0
21.44,3069605,0.0025061819153912,B,1,0,0,0,0
21.48,3064649,0.0274677537926886,P,1,0,0,0,0
21.52,3148988,0.0022655884515137,B,1,0,0,0,0
21.56,3148087,0.0060215197487134,B,1,0,0,0,0
21.6,3149327,0.0123972465414689,B,1,0,0,0,0
21.64,3069980,0.5220009356412484,P,1,0,0,0,0
21.68,3162048,0.004364098108668,B,1,0,0,0,0
21.72,3160940,0.0074049321660094,B,1,0,0,0,0
21.76,3162701,0.0047985029740025,B,1,0,0,0,0
21.8,3151182,0.0652141950143687,P,1,0,0,0,0
21.84,3170574,0.0040566731270467,B,1,0,0,0,0
21.88,3169429,0.0076522087816614,B,1,0,0,0,0
21.92,3171181,0.0028470226558845,B,1,0,0,0,0
21.96,3163419,0.0401657421640045,P,1,0,0,0,0
22.0,3175145,0.004310632894473,B,1,0,0,0,0
22.04,3171607,0.0236449909777451,P,1,0,0,0,0
22.08,3175790,0.0266189935173427,P,1,0,0,0,0
22.12,3185557,0.0066898349261511,B,1,0,0,0,0
22.16,3186558,0.0032881106729933,B,1,0,0,0,0
22.2,3179773,0.0386553498629953,P,1,0,0,0,0
22.24,3187050,0.0233709817549956,P,1,0,0,0,0
22.28,3190547,0.0204103455189467,P,1,0,0,0,0
22.32,3198018,0.00493216600949,B,1,0,0,0,0
22.36,3198756,0.0027267259239457,B,1,0,0,0,0
22.4,3193601,0.0295194813874223,P,1,0,0,0,0
22.44,3199164,0.0213259373120363,P,1,0,0,0,0
22.48,3202355,0.0162534251152843,P,1,0,0,0,0
22.52,3210450,0.0046180578760943,B,1,0,0,0,0
22.56,3209530,0.0061484996324266,B,1,0,0,0,0
22.6,3211141,0.0029339036289514,B,1,0,0,0,0
22.64,3204787,0.0316981888658691,P,1,0,0,0,0
22.68,3289601,0.0045913252689968,B,1,0,0,0,0
22.72,3287781,0.0121633362293657,B,1,0,0,0,0
22.76,3290288,0.0050390964378801,B,1,0,0,0,0
22.8,3211580,0.5092628483592863,P,1,0,0,0,0
22.84,3302128,0.003849495422041,B,1,0,0,0,0
22.88,3291042,0.0740894205707411,P,1,0,0,0,0
22.92,3302704,0.0491612644523157,P,1,0,0,0,0
22.96,3316649,0.0063556773374323,B,1,0,0,0,0
23.0,3310060,0.0440352870413687,P,1,0,0,0,0
23.04,3322654,0.0054935507585377,B,1,0,0,0,0
23.08,3323476,0.0027534585310432,B,1,0,0,0,0
23.12,3317600,0.0337766490677003,P,1,0,0,0,0
23.16,3329051,0.0058143420437078,B,1,0,0,0,0
23.2,3323888,0.0345051126111074,P,1,0,0,0,0
23.24,3329921,0.0224219742030341,P,1,0,0,0,0
23.28,3333276,0.0316313573481253,P,1,0,0,0,0
23.32,3345091,0.0078928022455389,B,1,0,0,0,0
23.36,3346272,0.0033215264318652,B,1,0,0,0,0
23.4,3338009,0.0473300808661364,P,1,0,0,0,0
23.44,3354222,0.0067299338367974,B,1,0,0,0,0
23.48,3355229,0.0048386018846488,B,1,0,0,0,0
23.52,3346769,0.0498095301744302,P,1,0,0,0,0
23.56,3361627,0.0069705273006749,B,1,0,0,0,0
23.6,3362670,0.0028938047183051,B,1,0,0,0,0
23.64,3355953,0.0379202031678139,P,1,0,0,0,0
23.68,3368231,0.0043039497426986,B,1,0,0,0,0
23.72,3363103,0.0342712022990042,P,1,0,0,0,0
23.76,3375477,0.0043039497426986,B,1,0,0,0,0
23.8,3374325,0.007698990844082,B,1,0,0,0,0
23.84,3376121,0.0029205373254026,B,1,0,0,0,0
23.88,3368875,0.0364231771703535,P,1,0,0,0,0
23.92,3458560,0.0027200427721713,B,1,0,0,0,0
23.96,3457493,0.00713092294326,B,1,0,0,0,0
24.0,3458967,0.0118091291853238,B,1,0,0,0,0
24.04,3376558,0.540900888859186,P,1,0,0,0,0
24.08,3468377,0.0039965247610773,B,1,0,0,0,0
24.12,3460734,0.0510793290115618,P,1,0,0,0,0
24.16,3475483,0.0052730067499832,B,1,0,0,0,0
24.2,3476272,0.0035888525028403,B,1,0,0,0,0
24.24,3468975,0.0434939517476441,P,1,0,0,0,0
24.28,3482626,0.0032279623070239,B,1,0,0,0,0
24.32,3481820,0.0053866203301476,B,1,0,0,0,0
24.36,3483109,0.0034217737084809,B,1,0,0,0,0
24.4,3476809,0.0334892735414021,P,1,0,0,0,0
24.44,3488920,0.0045311769030274,B,1,0,0,0,0
24.48,3483621,0.0354140212524226,P,1,0,0,0,0
24.52,3494788,0.0050524627414288,B,1,0,0,0,0
24.56,3495544,0.0030408340573414,B,1,0,0,0,0
24.6,3489598,0.0346855577090155,P,1,0,0,0,0
24.64,3500518,0.003956425850431,B,1,0,0,0,0
24.68,3495999,0.0302011628684087,P,1,0,0,0,0
24.72,3504872,0.0033683084942859,B,1,0,0,0,0
24.76,3505376,0.0025796965849094,B,1,0,0,0,0
24.8,3501110,0.0251420169752055,P,1,0,0,0,0
24.84,3511993,0.0039163269397848,B,1,0,0,0,0
24.88,3511155,0.0056004811869277,B,1,0,0,0,0
24.92,3512579,0.0034017242531577,B,1,0,0,0,0
24.96,3505762,0.036042237519214,P,1,0,0,0,0
25.0,3517573,0.0027868742899151,B,1,0,0,0,0
25.04,3516862,0.0047517209115819,B,1,0,0,0,0
25.08,3517990,0.0034819220744503,B,1,0,0,0,0
25.12,3513088,0.025222214796498,P,1,0,0,0,0
25.16,3597420,0.0022856379068368,B,1,0,0,0,0
25.2,3595529,0.0126378400053465,B,1,0,0,0,0
25.24,3597762,0.0035621198957428,B,1,0,0,0,0
25.28,3518511,0.5147229833589521,P,1,0,0,0,0
25.32,3598295,0.0504644790483191,P,1,0,0,0,0
25.36,3613322,0.0040834057341442,B,1,0,0,0,0
25.4,3612440,0.0058945398650003,B,1,0,0,0,0
25.44,3613933,0.003548753592194,B,1,0,0,0,0
25.48,3605846,0.0440687028002405,P,1,0,0,0,0
25.52,3621730,0.0029606362360489,B,1,0,0,0,0
25.56,3620633,0.0073314174964913,B,1,0,0,0,0
25.6,3622173,0.0048720176435206,B,1,0,0,0,0
25.64,3614464,0.0412283632961304,P,1,0,0,0,0
25.68,3629626,0.006262113212591,B,1,0,0,0,0
25.72,3630563,0.0028871215665307,B,1,0,0,0,0
25.76,3622902,0.0449375125309095,P,1,0,0,0,0
25.8,3638063,0.0069437946935774,B,1,0,0,0,0
25.84,3630995,0.0472365167412952,P,1,0,0,0,0
25.88,3645262,0.0083606228697453,B,1,0,0,0,0
25.92,3646513,0.0027467753792688,B,1,0,0,0,0
25.96,3639102,0.041168214930161,P,1,0,0,0,0
26.0,3656306,0.0060415692040366,B,1,0,0,0,0
26.04,3654873,0.0095769564926819,B,1,0,0,0,0
26.08,3657210,0.0048720176435206,B,1,0,0,0,0
26.12,3646924,0.0531243734545211,P,1,0,0,0,0
26.16,3665803,0.0051126111073982,B,1,0,0,0,0
26.2,3664272,0.0102319053665708,B,1,0,0,0,0
26.24,3666568,0.0029205373254026,B,1,0,0,0,0
26.28,3657939,0.0423244001871282,P,1,0,0,0,0
26.32,3747278,0.0042905834391499,B,1,0,0,0,0
26.36,3745571,0.0114081400788611,B,1,0,0,0,0
26.4,3747920,0.0136002138608567,B,1,0,0,0,0
26.44,3667005,0.5250685023056874,P,1,0,0,0,0
26.48,3758101,0.0040165742164004,B,1,0,0,0,0
26.52,3749955,0.0544409543540733,P,1,0,0,0,0
26.56,3766210,0.0071509723985831,B,1,0,0,0,0
26.6,3767280,0.00493216600949,B,1,0,0,0,0
26.64,3758702,0.0501771035220209,P,1,0,0,0,0
26.68,3775534,0.003087616119762,B,1,0,0,0,0
26.72,3774331,0.0080398315845752,B,1,0,0,0,0
26.76,3775996,0.0054935507585377,B,1,0,0,0,0
26.8,3768018,0.0421907371516407,P,1,0,0,0,0
26.84,3782955,0.0060883512664572,B,1,0,0,0,0
26.88,3776818,0.0410145024393504,P,1,0,0,0,0
26.92,3789715,0.0067900822027668,B,1,0,0,0,0
26.96,3790731,0.0032279623070239,B,1,0,0,0,0
27.0,3783866,0.0390897547283298,P,1,0,0,0,0
27.04,3796353,0.0050658290449776,B,1,0,0,0,0
27.08,3791214,0.0343447169685223,P,1,0,0,0,0
27.12,3797111,0.0196685156719909,P,1,0,0,0,0
27.16,3806749,0.0028537058076588,B,1,0,0,0,0
27.2,3805695,0.0070440419701931,B,1,0,0,0,0
27.24,3807176,0.0048987502506181,B,1,0,0,0,0
27.28,3800054,0.0376996591592595,P,1,0,0,0,0
27.32,3807909,0.0174697587382209,P,1,0,0,0,0
27.36,3814200,0.0046782062420637,B,1,0,0,0,0
27.4,3814900,0.0024794493082937,B,1,0,0,0,0
27.44,3810523,0.0245739490743834,P,1,0,0,0,0
27.48,3815271,0.019173962440687,P,1,0,0,0,0
27.52,3818140,0.0138341241729599,P,1,0,0,0,0
27.56,3899916,0.0050190469825569,B,1,0,0,0,0
27.6,3897853,0.0137873421105393,B,1,0,0,0,0
27.64,3900667,0.0032145960034752,B,1,0,0,0,0
27.68,3820210,0.5188999532179376,P,1,0,0,0,0
27.72,3901148,0.0593196551493684,P,1,0,0,0,0
27.76,3920803,0.0065428055871148,B,1,0,0,0,0
27.8,3919309,0.0099846287509189,B,1,0,0,0,0
27.84,3921782,0.0057942925883846,B,1,0,0,0,0
27.88,3910024,0.0620530642250885,P,1,0,0,0,0
27.92,3927618,0.003141081333957,B,1,0,0,0,0
27.96,3928088,0.0052395909911114,B,1,0,0,0,0
28.0,3922649,0.0332085811668783,P,1,0,0,0,0
28.04,3928872,0.0222348459533516,P,1,0,0,0,0
28.08,3932199,0.0305286373053532,P,1,0,0,0,0
28.12,3940413,0.0023457862728062,B,1,0,0,0,0
28.16,3936767,0.0243667713693777,P,1,0,0,0,0
28.2,3940764,0.0267727060081534,P,1,0,0,0,0
28.24,3951456,0.006776715899218,B,1,0,0,0,0
28.28,3952470,0.0048653344917463,B,1,0,0,0,0
28.32,3944770,0.0446835527634832,P,1,0,0,0,0
28.36,3960649,0.002927220477177,B,1,0,0,0,0
28.4,3959467,0.0078994853973133,B,1,0,0,0,0
28.44,3961087,0.0045512263583505,B,1,0,0,0,0
28.48,3953198,0.0418966784735681,P,1,0,0,0,0
28.52,3967627,0.0044108801710886,B,1,0,0,0,0
28.56,3966745,0.0058945398650003,B,1,0,0,0,0
28.6,3968287,0.002980685691372,B,1,0,0,0,0
28.64,3961768,0.0332620463810733,P,1,0,0,0,0
28.68,3972461,0.0042705339838267,B,1,0,0,0,0
28.72,3968733,0.0249147898148766,P,1,0,0,0,0
28.76,4054042,0.0042504845285036,B,1,0,0,0,0
28.8,4052076,0.0131390763884247,B,1,0,0,0,0
28.84,4054678,0.0036089019581634,B,1,0,0,0,0
28.88,3973100,0.5278085945331819,P,1,0,0,0,0
28.92,4067401,0.0069972599077725,B,1,0,0,0,0
28.96,4066110,0.0086279489407204,B,1,0,0,0,0
29.0,4068448,0.0044442959299605,B,1,0,0,0,0
29.04,4055218,0.072792889126512,P,1,0,0,0,0
29.08,4075933,0.003388357949609,B,1,0,0,0,0
29.12,4074896,0.0069304283900287,B,1,0,0,0,0
29.16,4076440,0.004417563322863,B,1,0,0,0,0
29.2,4069113,0.038648666711221,P,1,0,0,0,0
29.24,4082942,0.0049522154648132,B,1,0,0,0,0
29.28,4077101,0.0390362895141348,P,1,0,0,0,0
29.32,4087163,0.002359152576355,B,1,0,0,0,0
29.36,4083683,0.0232573681748312,P,1,0,0,0,0
29.4,4087516,0.0230301410145024,P,1,0,0,0,0
29.44,4096465,0.0050524627414288,B,1,0,0,0,0
29.48,4097221,0.0035621198957428,B,1,0,0,0,0
29.52,4090962,0.0367773842143955,P,1,0,0,0,0
29.56,4102227,0.0052529572946601,B,1,0,0,0,0
29.6,4103013,0.002820290048787,B,1,0,0,0,0
29.64,4097754,0.0298937378867874,P,1,0,0,0,0
29.68,4110575,0.0039965247610773,B,1,0,0,0,0
29.72,4109435,0.0076187930227895,B,1,0,0,0,0
29.76,4111173,0.0042772171356011,B,1,0,0,0,0
29.8,4103435,0.0400989106462607,P,1,0,0,0,0
29.84,4115632,0.0026331617991044,B,1,0,0,0,0
29.88,4116026,0.0052061752322395,B,1,0,0,0,0
29.92,4111813,0.0255229566263449,P,1,0,0,0,0
29.96,4116805,0.0036957829312303,P,1,0,0,0,0
30.0,4117358,0.9182383211922744,I,1,0,0,0,0
30.04,4262211,0.0034685557709015,B,1,0,0,0,0
30.08,4254754,0.0498362627815277,P,1,0,0,0,0
30.12,4262730,0.0359687228496959,P,1,0,0,0,0
30.16,4276738,0.0066764686226024,B,1,0,0,0,0
30.2,4275305,0.0095769564926819,B,1,0,0,0,0
30.24,4277737,0.0051460268662701,B,1,0,0,0,0
30.28,4268112,0.0480719107130922,P,1,0,0,0,0
30.32,4284563,0.0028537058076588,B,1,0,0,0,0
30.36,4283453,0.0074182984695582,B,1,0,0,0,0
30.4,4284990,0.0045712758136737,B,1,0,0,0,0
30.44,4278507,0.0330548686760676,P,1,0,0,0,0
30.48,4291438,0.0057541936777384,B,1,0,0,0,0
30.52,4292299,0.0033816747978346,B,1,0,0,0,0
30.56,4285674,0.0385216868275078,P,1,0,0,0,0
30.6,4292805,0.0229967252556305,P,1,0,0,0,0
30.64,4296246,0.0192140613513332,P,1,0,0,0,0
30.68,4305785,0.0051660763215932,B,1,0,0,0,0
30.72,4304728,0.0070640914255162,B,1,0,0,0,0
30.76,4306558,0.0030475172091158,B,1,0,0,0,0
30.8,4299121,0.0374724319989306,P,1,0,0,0,0
30.84,4311369,0.005800975740159,B,1,0,0,0,0
30.88,4307014,0.0291051259774109,P,1,0,0,0,0
30.92,4317857,0.0050658290449776,B,1,0,0,0,0
30.96,4316870,0.0065962708013098,B,1,0,0,0,0
31.0,4318615,0.0027735079863663,B,1,0,0,0,0
31.04,4312237,0.0309630421706876,P,1,0,0,0,0
31.08,4397394,0.0038628617255897,B,1,0,0,0,0
31.12,4395773,0.0108333890262647,B,1,0,0,0,0
31.16,4397972,0.0038093965113947,B,1,0,0,0,0
31.2,4319030,0.5128851166209984,P,1,0,0,0,0
31.24,4409182,0.003742564993651,B,1,0,0,0,0
31.28,4398542,0.0711087348793691,P,1,0,0,0,0
31.32,4409742,0.0436142484795829,P,1,0,0,0,0
31.36,4425277,0.0056873621599946,B,1,0,0,0,0
31.4,4423965,0.0087682951279823,B,1,0,0,0,0
31.44,4426128,0.0045044442959299,B,1,0,0,0,0
31.48,4416268,0.0514402192073782,P,1,0,0,0,0
31.52,4433065,0.003087616119762,B,1,0,0,0,0
31.56,4432076,0.0066096371048586,B,1,0,0,0,0
31.6,4433527,0.0041769698589854,B,1,0,0,0,0
31.64,4426802,0.0352469424580632,P,1,0,0,0,0
31.68,4440383,0.0060415692040366,B,1,0,0,0,0
31.72,4441287,0.0034618726191271,B,1,0,0,0,0
31.76,4434152,0.0416427187061418,P,1,0,0,0,0
31.8,4441805,0.0285103254694914,P,1,0,0,0,0
31.84,4452871,0.0065695381942123,B,1,0,0,0,0
31.88,4453854,0.0051928089286907,B,1,0,0,0,0
31.92,4446071,0.0454454320657622,P,1,0,0,0,0
31.96,4459520,0.0069638441489006,B,1,0,0,0,0
32.0,4460562,0.002980685691372,B,1,0,0,0,0
32.04,4454631,0.0326739290249281,P,1,0,0,0,0
32.08,4466644,0.0063222615785604,B,1,0,0,0,0
32.12,4467590,0.0048118692775512,B,1,0,0,0,0
32.16,4461008,0.0376662434003876,P,1,0,0,0,0
32.2,4474363,0.0028938047183051,B,1,0,0,0,0
32.24,4473159,0.0080465147363496,B,1,0,0,0,0
32.28,4474796,0.0051660763215932,B,1,0,0,0,0
32.32,4468310,0.032406602953953,P,1,0,0,0,0
32.36,4555419,0.0046848893938381,B,1,0,0,0,0
32.4,4553222,0.0146828844483058,B,1,0,0,0,0
32.44,4556120,0.0032212791552496,B,1,0,0,0,0
32.48,4475569,0.5189667847356814,P,1,0,0,0,0
32.52,4556602,0.057007284635434,P,1,0,0,0,0
32.56,4565132,0.0353004076722582,P,1,0,0,0,0
32.6,4576712,0.0041301877965648,B,1,0,0,0,0
32.64,4575657,0.0070507251219675,B,1,0,0,0,0
32.68,4577330,0.0029673193878232,B,1,0,0,0,0
32.72,4570414,0.0350397647530575,P,1,0,0,0,0
32.76,4582200,0.0055336496691839,B,1,0,0,0,0
32.8,4577774,0.0295796297533917,P,1,0,0,0,0
32.84,4589152,0.0057074116153177,B,1,0,0,0,0
32.88,4583028,0.0409276214662835,P,1,0,0,0,0
32.92,4596251,0.0075586446568201,B,1,0,0,0,0
32.96,4597382,0.0031210318786339,B,1,0,0,0,0
33.0,4590006,0.041736282830983,P,1,0,0,0,0
33.04,4603436,0.0056606295528971,B,1,0,0,0,0
33.08,4597849,0.0373387689634431,P,1,0,0,0,0
33.12,4611955,0.0048386018846488,B,1,0,0,0,0
33.16,4610686,0.0084809196016841,B,1,0,0,0,0
33.2,4612679,0.0029873688431464,B,1,0,0,0,0
33.24,4604283,0.0427922208113346,P,1,0,0,0,0
33.28,4618579,0.0054935507585377,B,1,0,0,0,0
33.32,4619401,0.0043373655015705,B,1,0,0,0,0
33.36,4613126,0.0364432266256766,P,1,0,0,0,0
33.4,4625515,0.0028804384147563,B,1,0,0,0,0
33.44,4624461,0.0070440419701931,B,1,0,0,0,0
33.48,4625946,0.0041569204036623,B,1,0,0,0,0
33.52,4620050,0.029479382476776,P,1,0,0,0,0
33.56,4705679,0.003495288377999,B,1,0,0,0,0
33.6,4703653,0.0135400654948873,B,1,0,0,0,0
33.64,4706202,0.0036289514134866,B,1,0,0,0,0
33.68,4626568,0.5151707545278353,P,1,0,0,0,0
33.72,4706745,0.0559914455657288,P,1,0,0,0,0
33.76,4722396,0.0069705273006749,B,1,0,0,0,0
33.8,4723439,0.0050190469825569,B,1,0,0,0,0
33.84,4715123,0.0486065628550424,P,1,0,0,0,0
33.88,4732138,0.0031143487268595,B,1,0,0,0,0
33.92,4730841,0.0086680478513667,B,1,0,0,0,0
33.96,4732604,0.0059346387756465,B,1,0,0,0,0
34.0,4724190,0.04444964245138,P,1,0,0,0,0
34.04,4740317,0.0068769631758337,B,1,0,0,0,0
34.08,4733492,0.0456125108601216,P,1,0,0,0,0
34.12,4748417,0.0091492347791218,B,1,0,0,0,0
34.16,4749786,0.0032881106729933,B,1,0,0,0,0
34.2,4741346,0.0472565661966183,P,1,0,0,0,0
34.24,4758472,0.0083205239590991,B,1,0,0,0,0
34.28,4759717,0.0063757267927554,B,1,0,0,0,0
34.32,4750278,0.0547617456392434,P,1,0,0,0,0
34.36,4766462,0.0074784468355276,B,1,0,0,0,0
34.4,4767581,0.0025061819153912,B,1,0,0,0,0
34.44,4760671,0.038702131925416,P,1,0,0,0,0
34.48,4774164,0.0071643387021319,B,1,0,0,0,0
34.52,4775236,0.0049588986165875,B,1,0,0,0,0
34.56,4767956,0.0414890062153311,P,1,0,0,0,0
34.6,4782929,0.0026197954955557,B,1,0,0,0,0
34.64,4781680,0.0083472565661966,B,1,0,0,0,0
34.68,4783321,0.0058945398650003,B,1,0,0,0,0
34.72,4775978,0.0381073314174964,P,1,0,0,0,0
34.76,4865160,0.0061952816948472,B,1,0,0,0,0
34.8,4863157,0.0133863530040767,B,1,0,0,0,0
34.84,4866087,0.003334892735414,B,1,0,0,0,0
34.88,4784203,0.5276615651941455,P,1,0,0,0,0
34.92,4866586,0.0534050658290449,P,1,0,0,0,0
34.96,4884064,0.0056472632493483,B,1,0,0,0,0
35.0,4882742,0.0088351266457261,B,1,0,0,0,0
35.04,4884909,0.0046915725456125,B,1,0,0,0,0
35.08,4874577,0.0545679342377865,P,1,0,0,0,0
35.12,4892001,0.0029004878700795,B,1,0,0,0,0
35.16,4890939,0.0070975071843881,B,1,0,0,0,0
35.2,4892435,0.0044576622335093,B,1,0,0,0,0
35.24,4885611,0.0356078326538795,P,1,0,0,0,0
35.28,4893102,0.0250150370914923,P,1,0,0,0,0
35.32,4904501,0.0030207846020183,B,1,0,0,0,0
35.36,4903328,0.0078393370313439,B,1,0,0,0,0
35.4,4904953,0.0055336496691839,B,1,0,0,0,0
35.44,4896845,0.0433268729532847,P,1,0,0,0,0
35.48,4911860,0.0042438013767292,B,1,0,0,0,0
35.52,4910884,0.0065227561317917,B,1,0,0,0,0
35.56,4912495,0.0030675666644389,B,1,0,0,0,0
35.6,4905781,0.0341041235046447,P,1,0,0,0,0
35.64,4916620,0.0042638508320523,B,1,0,0,0,0
35.68,4912954,0.0245004344048653,P,1,0,0,0,0
35.72,4921629,0.0038227628149435,B,1,0,0,0,0
35.76,4920778,0.0056873621599946,B,1,0,0,0,0
35.8,4922201,0.0027133596203969,B,1,0,0,0,0
35.84,4917258,0.0235246942458063,P,1,0,0,0,0
35.88,4979197,0.003742564993651,B,1,0,0,0,0
35.92,4977541,0.0110672993383679,B,1,0,0,0,0
35.96,4979757,0.0026933101650738,B,1,0,0,0,0
36.0,4922607,0.3671322595736149,P,1,0,0,0,0
36.04,4987345,0.0044643453852837,B,1,0,0,0,0
36.08,4980160,0.0480184454988972,P,1,0,0,0,0
36.12,4993886,0.0054801844549889,B,1,0,0,0,0
36.16,4992688,0.0080064158257034,B,1,0,0,0,0
36.2,4994706,0.0037626144489741,B,1,0,0,0,0
36.24,4988013,0.0312437345452115,P,1,0,0,0,0
36.28,4997212,0.0022722716032881,B,1,0,0,0,0
36.32,4996315,0.0059947871416159,B,1,0,0,0,0
36.36,4997552,0.0028804384147563,B,1,0,0,0,0
36.4,4995269,0.0069905767559981,P,1,0,0,0,0
